{
  "cividis": {
    "r": [
      -0.008973,
      -0.384689,
      15.42921,
      -58.977031,
      102.370492,
      -83.187239,
      25.77607
    ],
    "g": [
      0.136756,
      0.639494,
      0.385562,
      -1.404197,
      2.600914,
      -2.14075,
      0.688122
    ],
    "b": [
      0.29417,
      2.982654,
      -22.36376,
      74.863561,
      -121.303164,
      93.974216,
      -28.262533
    ],
    "type": "perceptual-sequential"
  },
  "greyscale": {
    "r": [
      0.0,
      1.0,
      0.0,
      0.0,
      0.0,
      0.0,
      0.0
    ],
    "g": [
      0.0,
      1.0,
      0.0,
      0.0,
      0.0,
      0.0,
      0.0
    ],
    "b": [
      0.0,
      1.0,
      0.0,
      0.0,
      0.0,
      0.0,
      0.0
    ],
    "type": "sequential"
  },
  "inferno": {
    "r": [
      0.000214,
      0.105874,
      11.617115,
      -41.709277,
      77.157454,
      -71.287667,
      25.092619
    ],
    "g": [
      0.001635,
      0.566364,
      -3.947723,
      17.457724,
      -33.415679,
      32.55388,
      -12.222155
    ],
    "b": [
      -0.03713,
      4.117926,
      -16.257323,
      44.645117,
      -82.253923,
      73.588132,
      -23.11565
    ],
    "type": "perceptual-sequential"
  },
  "magma": {
    "r": [
      -0.002067,
      0.250486,
      8.345901,
      -27.666969,
      52.170684,
      -50.758572,
      18.664253
    ],
    "g": [
      -0.000688,
      0.694455,
      -3.596031,
      14.253853,
      -27.944584,
      29.05388,
      -11.490027
    ],
    "b": [
      -0.009548,
      2.495287,
      0.329057,
      -13.646583,
      12.881091,
      4.269936,
      -5.570769
    ],
    "type": "perceptual-sequential"
  },
  "mako": {
    "r": [
      0.032987,
      1.620032,
      -5.833466,
      19.26673,
      -48.335836,
      57.794682,
      -23.67438
    ],
    "g": [
      0.013232,
      0.848348,
      -1.651402,
      8.153931,
      -12.79364,
      8.555513,
      -2.172825
    ],
    "b": [
      0.040283,
      0.292971,
      12.702365,
      -44.241782,
      65.176477,
      -47.319049,
      14.259791
    ],
    "type": "perceptual-sequential"
  },
  "plasma": {
    "r": [
      0.064053,
      2.142438,
      -2.653255,
      6.094711,
      -11.065106,
      9.974645,
      -3.623823
    ],
    "g": [
      0.024812,
      0.244749,
      -7.461101,
      42.308428,
      -82.644718,
      71.408341,
      -22.914405
    ],
    "b": [
      0.5349,
      0.742966,
      3.108382,
      -28.491792,
      60.093584,
      -54.020563,
      18.193381
    ],
    "type": "perceptual-sequential"
  },
  "rocket": {
    "r": [
      -0.003174,
      1.947267,
      -6.401815,
      30.376433,
      -57.268147,
      44.789992,
      -12.453563
    ],
    "g": [
      0.037717,
      -0.476821,
      15.073064,
      -81.403784,
      173.768416,
      -158.313952,
      52.250665
    ],
    "b": [
      0.112123,
      0.400542,
      6.253872,
      -21.550609,
      14.869938,
      11.402042,
      -10.648435
    ],
    "type": "sequential"
  },
  "turbo": {
    "r": [
      0.080545,
      7.00898,
      -66.727306,
      228.660253,
      -334.841257,
      220.424075,
      -54.09554
    ],
    "g": [
      0.069393,
      3.147611,
      -4.927799,
      25.101273,
      -69.296265,
      67.510842,
      -21.578703
    ],
    "b": [
      0.219622,
      7.655918,
      -10.16298,
      -91.680678,
      288.708703,
      -305.386975,
      110.735079
    ],
    "type": "sequential"
  },
  "viridis": {
    "r": [
      0.274455,
      0.107708,
      -0.327241,
      -4.599932,
      6.203736,
      4.751787,
      -5.432077
    ],
    "g": [
      0.005768,
      1.39647,
      0.214814,
      -5.758238,
      14.153965,
      -13.749439,
      4.641571
    ],
    "b": [
      0.332664,
      1.386771,
      0.091977,
      -19.291809,
      56.6563,
      -65.320968,
      26.272108
    ],
    "type": "perceptual-sequential"
  },
  "coolwarm": {
    "r": [
      0.226803,
      1.205481,
      0.103037,
      2.221134,
      -5.074667,
      1.318641,
      0.706231
    ],
    "g": [
      0.285796,
      2.323439,
      -7.423198,
      32.789759,
      -75.78989,
      73.83533,
      -25.996888
    ],
    "b": [
      0.752253,
      1.56631,
      -1.857055,
      -1.657334,
      -3.714065,
      9.631554,
      -4.577347
    ],
    "type": "divergent"
  },
  "rdbu": {
    "r": [
      0.365718,
      5.035601,
      -26.091019,
      92.34731,
      -173.461145,
      147.585908,
      -45.744525
    ],
    "g": [
      0.01088,
      -0.080187,
      12.861933,
      -14.942129,
      -23.759841,
      44.927768,
      -18.839283
    ],
    "b": [
      0.103864,
      1.544435,
      -16.897276,
      112.500542,
      -258.839681,
      247.372208,
      -85.452387
    ],
    "type": "divergent"
  },
  "seismic": {
    "r": [
      -0.036746,
      2.966182,
      -46.492174,
      241.54725,
      -479.456979,
      413.500596,
      -131.596541
    ],
    "g": [
      -0.128479,
      8.002746,
      -109.367803,
      541.937901,
      -1118.988418,
      1017.623361,
      -339.207787
    ],
    "b": [
      0.233763,
      5.750882,
      -31.867432,
      143.208381,
      -328.934854,
      327.97327,
      -116.3936
    ],
    "type": "divergent"
  },
  "piyg": {
    "r": [
      0.534818,
      3.413785,
      -15.870899,
      50.436286,
      -86.168363,
      66.097927,
      -18.280441
    ],
    "g": [
      0.021964,
      -0.889656,
      28.888431,
      -93.879217,
      136.968175,
      -100.075085,
      29.370825
    ],
    "b": [
      0.293954,
      2.898572,
      -13.920252,
      70.516651,
      -161.093619,
      150.51968,
      -49.101133
    ],
    "type": "divergent"
  },
  "bwr": {
    "r": [
      -0.022635,
      3.133128,
      -14.730658,
      72.125594,
      -153.375659,
      140.779857,
      -46.928935
    ],
    "g": [
      -0.041945,
      4.261497,
      -29.473947,
      144.282771,
      -306.786063,
      281.573613,
      -93.857871
    ],
    "b": [
      0.980691,
      1.128369,
      -14.743288,
      72.157177,
      -153.410404,
      140.793755,
      -46.928935
    ],
    "type": "divergent"
  },
  "brbg": {
    "r": [
      0.3021,
      3.429146,
      -13.853684,
      56.99184,
      -121.060409,
      106.603145,
      -32.39296
    ],
    "g": [
      0.209354,
      0.098798,
      11.698786,
      -24.314479,
      12.496406,
      2.122061,
      -2.072807
    ],
    "b": [
      0.029093,
      -0.076663,
      -3.421816,
      72.006796,
      -195.395853,
      192.887945,
      -65.87076
    ],
    "type": "divergent"
  },
  "prgn": {
    "r": [
      0.229761,
      3.387138,
      -18.011014,
      77.564341,
      -153.198722,
      127.822565,
      -37.785152
    ],
    "g": [
      -0.005814,
      1.463981,
      4.77466,
      -6.653374,
      -7.125774,
      11.189505,
      -3.374478
    ],
    "b": [
      0.26343,
      3.800737,
      -20.215118,
      84.07242,
      -169.684625,
      149.167201,
      -47.296663
    ],
    "type": "divergent"
  },
  "puor": {
    "r": [
      0.493544,
      2.01545,
      1.751553,
      -15.743188,
      21.992227,
      -14.652163,
      4.326175
    ],
    "g": [
      0.238197,
      0.790086,
      1.39085,
      18.543475,
      -65.262475,
      65.443051,
      -21.154607
    ],
    "b": [
      0.029885,
      0.632463,
      -19.049044,
      144.905488,
      -336.58542,
      318.300178,
      -107.997214
    ],
    "type": "divergent"
  },
  "rdgy": {
    "r": [
      0.386363,
      3.983391,
      -14.118021,
      39.609804,
      -68.94652,
      56.031866,
      -16.853136
    ],
    "g": [
      0.008093,
      0.106573,
      10.216782,
      -2.009815,
      -50.013437,
      67.836731,
      -26.060882
    ],